id,word,label
1,2 girls 1 cup,1
2,2g1c,1
3,4r5e,1
4,5h1t,1
5,5hit,1
6,a,0
7,a_s_s,1
8,a+,0
9,a$$,1
10,a$$hole,1
11,a2m,1
12,a54,1
13,a55,1
14,a55hole,1
15,abound,0
16,abounds,0
17,abundance,0
18,abundant,0
19,accessable,0
20,accessible,0
21,acclaim,0
22,acclaimed,0
23,acclamation,0
24,accolade,0
25,accolades,0
26,accommodative,0
27,accomodative,0
28,accomplish,0
29,accomplished,0
30,accomplishment,0
31,accomplishments,0
32,accurate,0
33,accurately,0
34,achievable,0
35,achievement,0
36,achievements,0
37,achievible,0
38,action,0
39,acumen,0
40,adaptable,0
41,adaptive,0
42,adequate,0
43,adjustable,0
44,admirable,0
45,admirably,0
46,admiration,0
47,admire,0
48,admirer,0
49,admiring,0
50,admiringly,0
51,adorable,0
52,adore,0
53,adored,0
54,adorer,0
55,adoring,0
56,adoringly,0
57,adroit,0
58,adroitly,0
59,adulate,0
60,adulation,0
61,adulatory,0
62,advanced,0
63,advantage,0
64,advantageous,0
65,advantageously,0
66,advantages,0
67,adventuresome,0
68,adventurous,0
69,advocate,0
70,advocated,0
71,advocates,0
72,aeolus,1
73,affability,0
74,affable,0
75,affably,0
76,affectation,0
77,affection,0
78,affectionate,0
79,affinity,0
80,affirm,0
81,affirmation,0
82,affirmative,0
83,affluence,0
84,affluent,0
85,afford,0
86,affordable,0
87,affordably,0
88,afordable,0
89,agile,0
90,agilely,0
91,agility,0
92,agreeable,0
93,agreeableness,0
94,agreeably,0
95,ahole,1
96,alabama hot pocket,1
97,alaskan pipeline,1
98,albert,0
99,all-around,0
100,alluring,0
101,alluringly,0
102,altruistic,0
103,altruistically,0
104,amaze,0
105,amazed,0
106,amazement,0
107,amazes,0
108,amazing,0
109,amazingly,0
110,ambitious,0
111,ambitiously,0
112,ameliorate,0
113,amenable,0
114,amenity,0
115,amiability,0
116,amiabily,0
117,amiable,0
118,amicability,0
119,amicable,0
120,amicably,0
121,amity,0
122,ample,0
123,amply,0
124,amuse,0
125,amusing,0
126,amusingly,0
127,anal,1
128,anal impaler,1
129,anal leakage,1
130,analannie,1
131,analprobe,1
132,analsex,1
133,and,0
134,angel,0
135,angelic,0
136,anilingus,1
137,anus,1
138,apeshit,1
139,apotheosis,0
140,appeal,0
141,appealing,0
142,applaud,0
143,appreciable,0
144,appreciate,0
145,appreciated,0
146,appreciates,0
147,appreciative,0
148,appreciatively,0
149,appropriate,0
150,approval,0
151,approve,0
152,ar5e,1
153,ardent,0
154,ardently,0
155,ardor,0
156,areola,1
157,areole,1
158,arian,1
159,arrse,1
160,arse,1
161,arsehole,1
162,articulate,0
163,aryan,1
164,aspiration,0
165,aspirations,0
166,aspire,0
167,ass,0
168,ass fuck,1
169,ass hole,1
170,ass-fucker,1
171,assault,1
172,assbag,1
173,assfuck,1
174,assfucker,1
175,assfukka,1
176,assh0le,1
177,assho1e,1
178,asshole,1
179,assholes,1
180,asshore,1
181,assnigger,1
182,assshit,1
183,assshole,1
184,assurance,0
185,assurances,0
186,assure,0
187,assuredly,0
188,assuring,0
189,astonish,0
190,astonished,0
191,astonishing,0
192,astonishingly,0
193,astonishment,0
194,astound,0
195,astounded,0
196,astounding,0
197,astoundingly,0
198,astutely,0
199,attentive,0
200,attraction,0
201,attractive,0
202,attractively,0
203,attune,0
204,audible,0
205,audibly,0
206,auspicious,0
207,authentic,0
208,authoritative,0
209,auto,0
210,auto erotic,1
211,autoerotic,1
212,autonomous,0
213,available,0
214,aver,0
215,avid,0
216,avidly,0
217,award,0
218,awarded,0
219,awards,0
220,awe,0
221,awed,0
222,awesome,0
223,awesomely,0
224,awesomeness,0
225,awestruck,0
226,awsome,0
227,axe,0
228,axwound,1
229,azazel,1
230,azz,1
231,b!tch,1
232,b00bs,1
233,b17ch,1
234,b1tch,1
235,baby,0
236,baby batter,1
237,babyjuice,1
238,backbone,0
239,badfuck,1
240,bag,1
242,bait,0
243,balanced,0
244,ball,0
245,ball gag,1
246,ball gravy,1
247,ball kicking,1
248,ball licking,1
249,ball sack,1
250,ball sucking,1
251,ballbag,1
252,balllicker,1
254,balls,1
255,ballsack,1
256,bampot,1
257,bang,1
260,bang (one's) box,1
261,bangbros,1
262,banging,1
263,bare,0
264,bareback,1
266,barely,0
267,barely legal,1
268,barenaked,1
269,barf,1
270,barface,1
271,barfface,1
272,bargain,0
273,bastard,0
274,bastardo,0
275,bastards,0
276,bastinado,1
277,batter,0
278,batty,0
279,batty boy,1
280,bawdy,1
281,bazongas,1
282,bazooms,1
283,bbw,1
284,bdsm,1
285,bean,0
286,beaner,1
287,beaners,1
288,beard,0
289,beardedclam,1
290,beast,0
291,beastial,1
292,beastiality,1
293,beat,0
294,beatch,1
295,beatyourmeat,1
296,beauteous,0
297,beautiful,0
298,beautifullly,0
299,beautifully,0
300,beautify,0
301,beauty,0
302,beaver,1
304,beaver cleaver,1
305,beaver lips,1
306,beckon,0
307,beckoned,0
308,beckoning,0
309,beckons,0
310,beef,0
311,beef curtain,1
312,beef curtains,1
313,beeyotch,1
314,believable,0
315,believeable,0
316,bell,0
317,bellend,1
318,beloved,0
319,bender,1
321,benefactor,0
322,beneficent,0
323,beneficial,0
324,beneficially,0
325,beneficiary,0
326,benefit,0
327,benefits,0
328,benevolence,0
329,benevolent,0
330,benifits,0
331,beotch,1
332,berry,0
333,best,0
334,best-known,0
335,best-performing,0
336,best-selling,0
337,bestial,1
338,bestiality,1
339,better,0
340,better-known,0
341,better-than-expected,0
342,beutifully,0
343,bi+ch,1
344,biatch,1
345,bicurious,1
346,big,0
347,big black,1
348,big breasts,1
349,big knockers,1
350,big tits,1
351,bigbastard,1
352,bigbutt,1
353,bigtits,1
354,bimbo,1
355,bimbos,1
356,bint,1
357,birdlock,1
358,bitch,1
359,bitch tit,1
360,bitchass,1
361,bitched,1
362,bitcher,1
363,bitchers,1
364,bitches,1
365,bitchez,1
366,bitchin,1
367,bitching,1
368,bitchtits,1
369,bitchy,1
370,bite,0
373,black cock,1
374,blameless,0
375,bless,0
376,blessing,0
377,bliss,0
378,blissful,0
379,blissfully,0
380,blithe,0
381,block,0
382,blockbuster,0
383,blonde,0
384,blonde action,1
385,blonde on blonde action,1
386,blood,0
387,bloodclaat,1
388,bloody,0
389,bloody hell,1
390,bloom,0
391,blossom,0
392,blow,0
393,blow job,1
394,blow me,1
395,blow mud,1
396,blow your load,1
397,blowjob,1
398,blowjobs,1
399,blue,0
400,blue waffle,1
401,blumpkin,1
402,boang,1
403,bod,1
404,bodily,1
405,bogan,1
406,bohunk,1
407,boink,1
408,boiolas,1
409,bollick,1
410,bollock,1
411,bollocks,1
412,bollok,1
413,bollox,1
414,bolster,0
415,bomd,1
416,bondage,1
418,bone,1
420,boned,1
421,boner,1
423,boners,1
424,bong,1
425,bonny,0
426,bonus,0
427,bonuses,0
428,boobies,1
429,booby,1
430,booger,1
431,bookie,1
432,boom,0
433,booming,0
434,boong,1
435,boonga,1
436,booobs,1
437,boooobs,1
438,booooobs,1
439,booooooobs,1
440,boost,0
441,boot,0
442,bootee,1
443,bootie,1
444,booty,1
445,booty call,1
446,booze,1
447,boozer,1
448,boozy,1
449,bosom,1
450,bosomy,1
451,boundless,0
452,bountiful,0
453,bowel,1
454,bowels,1
455,box,0
456,boy,0
457,brainiest,0
458,brainy,0
459,brand-new,0
460,brassiere,1
461,brave,0
462,bravery,0
463,bravo,0
464,breakthrough,0
465,breakthroughs,0
466,breast,0
467,breastjob,1
468,breastlover,1
469,breastman,1
470,breasts,0
471,breathlessness,0
472,breathtaking,0
473,breathtakingly,0
474,breeder,1
475,breeze,0
476,bright,0
477,brighten,0
478,brighter,0
479,brightest,0
480,brilliance,0
481,brilliances,0
482,brilliant,0
483,brilliantly,0
484,brisk,0
485,brother,0
486,brotherfucker,1
487,brotherly,0
488,brown,0
489,brown showers,1
490,brunette,0
491,brunette action,1
492,bubble,0
493,buceta,1
494,bucket,0
495,bud,0
496,bug,0
497,bugger,1
498,buggered,1
499,buggery,1
500,bukkake,1
501,bull,0
502,bull shit,1
503,bullcrap,1
504,bulldike,1
505,bulldyke,1
506,bullet,0
507,bullet vibe,1
508,bullish,0
509,bullshit,1
510,bullshits,1
511,bullshitted,1
512,bullturds,1
513,bum,0
514,bum boy,1
515,bumblefuck,1
516,bumclat,1
517,bumfuck,1
519,bummer,1
521,bung,1
522,bung hole,1
523,bunga,1
524,bunghole,1
525,bunny,0
526,bunny fucker,1
527,buoyant,0
528,burger,0
529,bust,0
530,bust a load,1
531,busty,1
532,butch,0
533,butchdike,1
534,butchdyke,1
535,butt,0
536,butt fuck,1
537,butt plug,1
538,butt-bang,1
539,butt-fuck,1
540,butt-fucker,1
541,butt-pirate,1
542,buttbang,1
543,buttcheeks,1
544,butter,0
545,buttface,1
546,buttfuck,1
547,buttfucka,1
548,buttfucker,1
549,butthead,1
550,butthole,1
551,buttman,1
552,buttmuch,1
553,buttmunch,1
554,buttmuncher,1
555,button,0
556,buttplug,1
557,c-0-c-k,1
558,c-o-c-k,1
559,c-u-n-t,1
560,c.0.c.k,1
561,c.o.c.k.,1
562,c.u.n.t,1
563,c0ck,1
564,c0cksucker,1
565,caca,1
566,cahone,1
567,cajole,0
568,call,0
569,calm,0
570,calming,0
571,calmness,0
572,camel,0
573,camel toe,1
574,cameltoe,1
575,camgirl,1
576,camslut,1
577,camwhore,1
578,capability,0
579,capable,0
580,capably,0
581,captivate,0
582,captivating,0
583,carefree,0
584,carl,0
585,carpet,0
586,carpet muncher,1
587,carpetmuncher,1
588,cashback,0
589,cashbacks,0
590,catchy,0
591,cawk,1
592,celebrate,0
593,celebrated,0
594,celebration,0
595,celebratory,0
596,cervix,1
597,champ,0
598,champion,0
599,charisma,0
600,charismatic,0
601,charitable,0
602,charm,0
603,charming,0
604,charmingly,0
605,chaste,0
606,cheaper,0
607,cheapest,0
608,cheek,0
609,cheer,0
610,cheerful,0
611,cheery,0
612,cherish,0
613,cherished,0
614,cherub,0
615,chest,0
616,chesticle,1
617,chi-chi man,1
618,chic,0
619,chick,0
620,chick with a dick,1
621,child,0
622,child-fucker,1
623,chin,0
624,chinc,1
625,chincs,1
626,chink,1
627,chinky,1
628,chivalrous,0
629,chivalry,0
630,choad,1
631,choade,1
632,choc ice,1
633,chocolate,0
634,chocolate rosebuds,1
635,chode,1
636,chodes,1
637,chota bags,1
638,chute,0
639,cipa,1
640,circle,0
641,circlejerk,1
642,civility,0
643,civilize,0
644,cl1t,1
645,clam,0
646,clamp,0
647,clarity,0
648,classic,0
649,classy,0
650,clean,0
651,cleaner,0
652,cleanest,0
653,cleanliness,0
654,cleanly,0
655,clear,0
656,clear-cut,0
657,cleared,0
658,clearer,0
659,clearly,0
660,clears,0
661,cleaver,0
662,cleveland steamer,1
663,clever,0
664,cleverly,0
665,clit,1
666,clit licker,1
667,clitface,1
668,clitfuck,1
669,clitoris,1
670,clitorus,1
671,clits,1
672,clitty,1
673,clitty litter,1
674,clog,0
675,clogwog,1
676,clover,0
677,clover clamps,1
678,club,0
679,clunge,1
680,cluster,0
681,clusterfuck,1
682,cnut,1
683,cocain,1
684,cocaine,1
686,cock,1
687,cock pocket,1
688,cock snot,1
689,cock sucker,1
690,cock-sucker,1
691,cockass,1
692,cockbite,1
693,cockblock,1
694,cockburger,1
695,cockeye,1
696,cockface,1
697,cockfucker,1
698,cockhead,1
699,cockholster,1
700,cockjockey,1
701,cockknocker,1
702,cockknoker,1
703,cocklicker,1
704,cocklover,1
705,cocklump,1
706,cockmaster,1
707,cockmongler,1
708,cockmongruel,1
709,cockmonkey,1
710,cockmunch,1
711,cockmuncher,1
712,cocknose,1
713,cocknugget,1
714,cocks,1
715,cockshit,1
716,cocksmith,1
717,cocksmoke,1
718,cocksmoker,1
719,cocksniffer,1
720,cocksucer,1
721,cocksuck,1
723,cocksucked,1
724,cocksucker,1
725,cocksuckers,1
726,cocksucking,1
727,cocksucks,1
728,cocksuka,1
729,cocksukka,1
730,cockwaffle,1
731,coffin,0
732,coffin dodger,1
733,cohere,0
734,coherence,0
735,coherent,0
736,cohesive,0
737,coital,1
738,cok,1
739,cokmuncher,1
740,coksucka,1
741,colorful,0
742,come,0
743,comely,0
744,comfort,0
745,comfortable,0
746,comfortably,0
747,comforting,0
748,comfy,0
749,commend,0
750,commendable,0
751,commendably,0
752,commie,1
753,commitment,0
754,commodious,0
755,compact,0
756,compactly,0
757,compassion,0
758,compassionate,0
759,compatible,0
760,competitive,0
761,complement,0
762,complementary,0
763,complemented,0
764,complements,0
765,compliant,0
766,compliment,0
767,complimentary,0
768,comprehensive,0
769,conciliate,0
770,conciliatory,0
771,concise,0
772,confidence,0
773,confident,0
774,congenial,0
775,congratulate,0
776,congratulation,0
777,congratulations,0
778,congratulatory,0
779,conscientious,0
780,considerate,0
781,consistent,0
782,consistently,0
783,constructive,0
784,consummate,0
785,contentment,0
786,continuity,0
787,contrasty,0
788,contribution,0
789,convenience,0
790,convenient,0
791,conveniently,0
792,convience,0
793,convienient,0
794,convient,0
795,convincing,0
796,convincingly,0
797,coochie,1
798,coochy,1
799,cool,0
800,coolest,0
801,coon,1
802,coonnass,1
803,coons,1
804,cooperative,0
805,cooperatively,0
806,cooter,1
807,cop,0
808,cop some wood,1
809,coprolagnia,1
810,coprophilia,1
811,core,0
812,corksucker,1
813,corn,0
814,cornerstone,0
815,cornhole,1
816,corp,0
817,corp whore,1
818,correct,0
819,correctly,0
820,cost-effective,0
821,cost-saving,0
822,counter-attack,0
823,counter-attacks,0
824,courage,0
825,courageous,0
826,courageously,0
827,courageousness,0
828,courteous,0
829,courtly,0
830,covenant,0
831,cox,1
832,cozy,0
833,crack,1
835,crack-whore,1
836,cracker,1
837,crackwhore,1
840,crappy,1
841,creampie,1
842,creative,0
843,credence,0
844,credible,0
845,cretin,1
846,crikey,1
847,cripple,1
848,crisp,0
849,crisper,0
850,crotte,1
851,cum,1
852,cum chugger,1
853,cum dumpster,1
854,cum freak,1
855,cum guzzler,1
856,cumbubble,1
857,cumdump,1
858,cumdumpster,1
859,cumguzzler,1
860,cumjockey,1
861,cummer,1
862,cummin,1
863,cumming,1
864,cums,1
865,cumshot,1
866,cumshots,1
867,cumslut,1
868,cumstain,1
869,cumtart,1
870,cunilingus,1
871,cunillingus,1
872,cunn,1
873,cunnie,1
874,cunnilingus,1
875,cunntt,1
876,cunny,1
877,cunt,1
878,cunt hair,1
879,cunt-struck,1
880,cuntass,1
881,cuntbag,1
882,cuntface,1
883,cuntfuck,1
884,cuntfucker,1
885,cunthole,1
886,cunthunter,1
887,cuntlick,1
889,cuntlicker,1
891,cuntlicking,1
892,cuntrag,1
893,cunts,1
894,cuntsicle,1
895,cuntslut,1
896,cuntsucker,1
897,cup,0
898,cure,0
899,cure-all,0
900,curtain,0
901,cushy,0
902,cut,0
903,cut rope,1
904,cute,0
905,cuteness,0
906,cyalis,1
907,cyberfuc,1
908,cyberfuck,1
909,cyberfucked,1
910,cyberfucker,1
911,cyberfuckers,1
912,cyberfucking,1
913,cybersex,1
914,d0ng,1
915,d0uch3,1
916,d0uche,1
917,d1ck,1
918,d1ld0,1
919,d1ldo,1
920,dago,1
921,dagos,1
922,dammit,1
923,damn,0
924,damned,1
925,damnit,1
926,danke,0
927,danken,0
928,daring,0
929,daringly,0
930,darkie,1
931,darling,0
932,darn,1
933,dashing,0
934,date,0
935,date rape,1
936,daterape,1
937,dauntless,0
938,dawgie-style,1
939,dawn,0
940,dazzle,0
941,dazzled,0
942,dazzling,0
943,dead-cheap,0
944,dead-on,0
945,decency,0
946,decent,0
947,decisive,0
948,decisiveness,0
949,dedicated,0
950,deep,0
951,deep throat,1
952,deepthroat,1
953,defeat,0
954,defeated,0
955,defeating,0
956,defeats,0
957,defender,0
958,deference,0
959,deft,0
960,deggo,1
961,deginified,0
962,delectable,0
963,delicacy,0
964,delicate,0
965,delicious,0
966,delight,0
967,delighted,0
968,delightful,0
969,delightfully,0
970,delightfulness,0
971,dendrophilia,1
972,dependable,0
973,dependably,0
974,deservedly,0
975,deserving,0
976,desirable,0
977,desiring,0
978,desirous,0
979,destiny,0
980,detachable,0
981,devout,0
982,dexterous,0
983,dexterously,0
984,dextrous,0
985,dick,1
986,diddle,1
987,dignified,0
988,dignify,0
989,dignity,0
990,dike,1
991,dildo,1
992,dildos,1
993,diligaf,1
994,diligence,0
995,diligent,0
996,diligently,0
997,dillweed,1
998,dimwit,1
999,dingle,1
1000,dingleberries,1
1001,dingleberry,1
1002,dink,1
1003,dinks,1
1004,dip,0
1005,diplomatic,0
1006,dipship,1
1007,dipshit,1
1008,dirsa,1
1009,dirt-cheap,0
1010,dirty,0
1011,dirty pillows,1
1012,dirty sanchez,1
1013,distinction,0
1014,distinctive,0
1015,distinguished,0
1016,diver,0
1017,diversified,0
1018,divine,0
1019,divinely,0
1020,dlck,1
1021,dodger,0
1022,dog,0
1023,dog style,1
1024,dog-fucker,1
1025,doggie,0
1026,doggie style,1
1027,doggie-style,1
1028,doggiestyle,1
1029,doggin,1
1030,dogging,1
1031,doggy,0
1032,doggy style,1
1033,doggy-style,1
1034,doggystyle,1
1035,dolcett,1
1036,dominate,0
1037,dominated,0
1038,dominates,0
1039,domination,0
1040,dominatrix,1
1041,dommes,1
1042,dong,1
1043,donkey,0
1044,donkey punch,1
1045,donkeypunch,1
1046,donkeyribber,1
1047,donut,0
1048,doochbag,1
1049,doofus,1
1050,dookie,1
1051,doosh,1
1052,dopey,1
1053,dote,0
1054,dotingly,0
1055,double,0
1056,double dong,1
1057,double penetration,1
1058,doublelift,1
1059,doubtless,0
1060,douch3,1
1061,douche,1
1062,douche-fag,1
1063,douchebag,1
1064,douchebags,1
1065,douchewaffle,1
1066,douchey,1
1067,dp action,1
1068,dreamland,0
1069,drunk,1
1070,dry hump,1
1071,duche,1
1072,dumass,1
1073,dumb,0
1074,dumb ass,1
1075,dumbass,1
1076,dumbasses,1
1077,dumbcunt,1
1078,dumbfounded,0
1079,dumbfounding,0
1080,dumbfuck,1
1081,dumbshit,1
1082,dummy,1
1083,dummy-proof,0
1084,dump,0
1085,dumpster,0
1086,dumshit,1
1087,durable,0
1088,dvda,1
1089,dyke,1
1090,dykes,1
1091,dynamic,0
1092,eager,0
1093,eagerly,0
1094,eagerness,0
1095,earnest,0
1096,earnestly,0
1097,earnestness,0
1098,ease,0
1099,eased,0
1100,eases,0
1101,easier,0
1102,easiest,0
1103,easiness,0
1104,easing,0
1105,easy,0
1106,easy-to-use,0
1107,easygoing,0
1108,eat,0
1109,eat a dick,1
1110,eat hair pie,1
1111,eat my ass,1
1112,eatpussy,1
1113,ebullience,0
1114,ebullient,0
1115,ebulliently,0
1116,ecchi,1
1117,ecenomical,0
1118,economical,0
1119,ecstasies,0
1120,ecstasy,0
1121,ecstatic,0
1122,ecstatically,0
1123,edify,0
1124,educated,0
1125,effective,0
1126,effectively,0
1127,effectiveness,0
1128,effectual,0
1129,efficacious,0
1130,efficient,0
1131,efficiently,0
1132,effortless,0
1133,effortlessly,0
1134,effusion,0
1135,effusive,0
1136,effusively,0
1137,effusiveness,0
1138,ejaculate,1
1139,ejaculated,1
1140,ejaculates,1
1141,ejaculating,1
1142,ejaculatings,1
1143,ejaculation,1
1144,ejakulate,1
1145,elan,0
1146,elate,0
1147,elated,0
1148,elatedly,0
1149,elation,0
1150,electrify,0
1151,elegance,0
1152,elegant,0
1153,elegantly,0
1154,elevate,0
1155,elite,0
1156,eloquence,0
1157,eloquent,0
1158,eloquently,0
1159,embolden,0
1160,eminence,0
1161,eminent,0
1162,empathize,0
1163,empathy,0
1164,empower,0
1165,empowerment,0
1166,enchant,0
1167,enchanted,0
1168,enchanting,0
1169,enchantingly,0
1170,encourage,0
1171,encouragement,0
1172,encouraging,0
1173,encouragingly,0
1174,end,0
1175,endear,0
1176,endearing,0
1177,endorse,0
1178,endorsed,0
1179,endorsement,0
1180,endorses,0
1181,endorsing,0
1182,energetic,0
1183,energize,0
1184,energy-efficient,0
1185,energy-saving,0
1186,engaging,0
1187,engrossing,0
1188,enhance,0
1189,enhanced,0
1190,enhancement,0
1191,enhances,0
1192,enjoy,0
1193,enjoyable,0
1194,enjoyably,0
1195,enjoyed,0
1196,enjoying,0
1197,enjoyment,0
1198,enjoys,0
1199,enlargement,0
1200,enlighten,0
1201,enlightenment,0
1202,enliven,0
1203,ennoble,0
1204,enough,0
1205,enrapt,0
1206,enrapture,0
1207,enraptured,0
1208,enrich,0
1209,enrichment,0
1210,enterprising,0
1211,entertain,0
1212,entertaining,0
1213,entertains,0
1214,enthral,0
1215,enthrall,0
1216,enthralled,0
1217,enthuse,0
1218,enthusiasm,0
1219,enthusiast,0
1220,enthusiastic,0
1221,enthusiastically,0
1222,entice,0
1223,enticed,0
1224,enticing,0
1225,enticingly,0
1226,entranced,0
1227,entrancing,0
1228,entrust,0
1229,enviable,0
1230,enviably,0
1231,envious,0
1232,enviously,0
1233,enviousness,0
1234,envy,0
1235,equitable,0
1236,erect,0
1237,erection,1
1238,ergonomical,0
1241,erotism,1
1242,err-free,0
1243,erudite,0
1244,escort,0
1245,essohbee,1
1246,ethical,0
1247,eulogize,0
1248,eunuch,1
1249,euphoria,0
1250,euphoric,0
1251,euphorically,0
1252,evaluative,0
1253,evenly,0
1254,eventful,0
1255,everlasting,0
1256,evocative,0
1257,exalt,0
1258,exaltation,0
1259,exalted,0
1260,exaltedly,0
1261,exalting,0
1262,exaltingly,0
1263,examplar,0
1264,examplary,0
1265,excallent,0
1266,exceed,0
1267,exceeded,0
1268,exceeding,0
1269,exceedingly,0
1270,exceeds,0
1271,excel,0
1272,exceled,0
1273,excelent,0
1274,excellant,0
1275,excelled,0
1276,excellence,0
1277,excellency,0
1278,excellent,0
1279,excellently,0
1280,excels,0
1281,exceptional,0
1282,exceptionally,0
1283,excite,0
1284,excited,0
1285,excitedly,0
1286,excitedness,0
1287,excitement,0
1288,excites,0
1289,exciting,0
1290,excitingly,0
1291,exellent,0
1292,exemplar,0
1293,exemplary,0
1294,exhilarate,0
1295,exhilarating,0
1296,exhilaratingly,0
1297,exhilaration,0
1298,exonerate,0
1299,expansive,0
1300,expeditiously,0
1301,expertly,0
1302,exquisite,0
1303,exquisitely,0
1304,extacy,1
1305,extasy,1
1306,extol,0
1307,extoll,0
1308,extraordinarily,0
1309,extraordinary,0
1310,exuberance,0
1311,exuberant,0
1312,exuberantly,0
1313,exult,0
1314,exultant,0
1315,exultation,0
1316,exultingly,0
1317,eye,0
1318,eye-catch,0
1319,eye-catching,0
1320,eyecatch,0
1321,eyecatching,0
1322,f u c k,1
1323,f u c k e r,1
1324,f_u_c_k,1
1325,f-u-c-k,1
1326,f.u.c.k,1
1327,f4nny,1
1328,fabulous,0
1329,fabulously,0
1330,face,0
1331,facefucker,1
1333,facial,1
1334,facilitate,0
1335,fack,1
1337,fag,1
1338,fagbag,1
1339,fagfucker,1
1340,fagg,1
1341,fagged,1
1342,fagging,1
1343,faggit,1
1344,faggitt,1
1345,faggot,1
1346,faggotcock,1
1347,faggots,1
1348,faggs,1
1349,fagot,1
1350,fagots,1
1351,fags,1
1352,fagtard,1
1353,faig,1
1354,faigt,1
1355,fair,0
1356,fairly,0
1357,fairness,0
1358,faith,0
1359,faithful,0
1360,faithfully,0
1361,faithfulness,0
1362,fame,0
1363,famed,0
1364,famous,0
1365,famously,0
1366,fancier,0
1367,fancinating,0
1368,fancy,0
1369,fanfare,0
1370,fanny,1
1371,fannybandit,1
1372,fannyflaps,1
1373,fannyfucker,1
1374,fans,0
1375,fantastic,0
1376,fantastically,0
1377,fanyy,1
1380,fartknocker,1
1381,fascinate,0
1382,fascinating,0
1383,fascinatingly,0
1384,fascination,0
1385,fashionable,0
1386,fashionably,0
1387,fast,0
1388,fast-growing,0
1389,fast-paced,0
1390,faster,0
1391,fastest,0
1392,fastest-growing,0
1393,fastfuck,1
1396,fatass,1
1397,fatfuck,1
1398,fatfucker,1
1399,faultless,0
1400,fav,0
1401,fave,0
1402,favor,0
1403,favorable,0
1404,favored,0
1405,favorite,0
1406,favorited,0
1407,favour,0
1408,fcuk,1
1409,fcuker,1
1410,fcuking,1
1411,fearless,0
1412,fearlessly,0
1413,feasible,0
1414,feasibly,0
1415,feat,0
1416,feature-rich,0
1417,fecal,1
1418,fecilitous,0
1419,feck,1
1420,fecker,1
1421,feisty,0
1422,felch,1
1423,felcher,1
1424,felching,1
1425,felicitate,0
1426,felicitous,0
1427,felicity,0
1428,fellate,1
1429,fellatio,1
1430,feltch,1
1431,feltcher,1
1432,female,0
1433,female squirting,1
1434,femdom,1
1435,fenian,1
1436,fertile,0
1437,fervent,0
1438,fervently,0
1439,fervid,0
1440,fervidly,0
1441,fervor,0
1442,festive,0
1443,fetish,0
1444,fidelity,0
1445,fiery,0
1446,figging,1
1447,fine,0
1448,fine-looking,0
1449,finely,0
1450,finer,0
1451,finest,0
1452,finger,0
1453,fingerbang,1
1454,fingerfuck,1
1456,fingerfucked,1
1457,fingerfucker,1
1459,fingerfuckers,1
1460,fingerfucking,1
1461,fingerfucks,1
1462,fingering,1
1463,firmer,0
1464,first-class,0
1465,first-in-class,0
1466,first-rate,0
1467,fist,0
1468,fist fuck,1
1469,fisted,1
1470,fistfuck,1
1471,fistfucked,1
1472,fistfucker,1
1474,fistfuckers,1
1475,fistfucking,1
1476,fistfuckings,1
1477,fistfucks,1
1478,fisting,1
1479,fisty,1
1480,flamer,1
1481,flange,1
1484,flaps,1
1485,flashy,0
1486,flatter,0
1487,flattering,0
1488,flatteringly,0
1489,flawless,0
1490,flawlessly,0
1491,fleshflute,1
1492,flexibility,0
1493,flexible,0
1494,flog,0
1495,flog the log,1
1496,floozy,1
1497,flourish,0
1498,flourishing,0
1499,fluent,0
1500,flutter,0
1501,foad,1
1502,foah,1
1503,fond,0
1504,fondle,1
1505,fondly,0
1506,fondness,0
1507,foobar,1
1508,fook,1
1509,fooker,1
1510,foolproof,0
1511,foot,0
1512,foot fetish,1
1513,footfuck,1
1514,footfucker,1
1515,footjob,1
1516,footlicker,1
1517,foremost,0
1518,foresight,0
1519,foreskin,1
1520,formidable,0
1521,fortitude,0
1522,fortuitous,0
1523,fortuitously,0
1524,fortunate,0
1525,fortunately,0
1526,fortune,0
1527,fragrant,0
1528,freak,0
1529,freakfuck,1
1530,freakyfucker,1
1531,free,0
1532,freed,0
1533,freedom,0
1534,freedoms,0
1535,freefuck,1
1536,freex,1
1537,fresh,0
1538,fresher,0
1539,freshest,0
1540,friendliness,0
1541,friendly,0
1542,frigg,1
1543,frigga,1
1544,frolic,0
1545,frotting,1
1546,frugal,0
1547,fruitful,0
1548,ftw,0
1549,fubar,1
1550,fuc,1
1551,fuck,1
1552,fuck buttons,1
1553,fuck hole,1
1554,fuck off,1
1555,fuck puppet,1
1556,fuck trophy,1
1557,fuck yo mama,1
1558,fuck you,1
1559,fuck-ass,1
1560,fuck-bitch,1
1561,fuck-tard,1
1562,fucka,1
1563,fuckass,1
1564,fuckbag,1
1565,fuckboy,1
1566,fuckbrain,1
1567,fuckbutt,1
1568,fuckbutter,1
1569,fucked,1
1570,fuckedup,1
1571,fucker,1
1572,fuckers,1
1573,fuckersucker,1
1574,fuckface,1
1575,fuckfreak,1
1576,fuckhead,1
1577,fuckheads,1
1578,fuckher,1
1579,fuckhole,1
1580,fuckin,1
1581,fucking,1
1582,fuckingbitch,1
1583,fuckings,1
1584,fuckingshitmotherfucker,1
1585,fuckme,1
1587,fuckmeat,1
1588,fuckmehard,1
1589,fuckmonkey,1
1590,fucknugget,1
1591,fucknut,1
1592,fucknutt,1
1593,fuckoff,1
1594,fucks,1
1595,fuckstick,1
1596,fucktard,1
1597,fucktards,1
1598,fucktart,1
1599,fucktoy,1
1600,fucktwat,1
1601,fuckup,1
1602,fuckwad,1
1603,fuckwhit,1
1604,fuckwhore,1
1605,fuckwit,1
1606,fuckwitt,1
1607,fuckyou,1
1608,fudge,0
1609,fudge packer,1
1610,fudge-packer,1
1611,fudgepacker,1
1612,fuk,1
1613,fuker,1
1614,fukker,1
1615,fukkers,1
1616,fukkin,1
1617,fuks,1
1618,fukwhit,1
1619,fukwit,1
1620,fulfillment,0
1621,fun,0
1622,fuq,1
1623,futanari,1
1624,futurestic,0
1625,futuristic,0
1626,fux,1
1627,fux0r,1
1628,fvck,1
1629,fxck,1
1630,g-spot,1
1631,gae,1
1632,gag,0
1633,gai,1
1634,gaiety,0
1635,gaily,0
1636,gain,0
1637,gained,0
1638,gainful,0
1639,gainfully,0
1640,gaining,0
1641,gains,0
1642,gallant,0
1643,gallantly,0
1644,galore,0
1645,gang,0
1646,gang bang,1
1647,gang-bang,1
1648,gangbang,1
1649,gangbanged,1
1650,gangbangs,1
1651,ganja,1
1652,gash,1
1653,gassy,0
1654,gassy ass,1
1655,gay,0
1656,gay sex,1
1657,gayass,1
1658,gaybob,1
1659,gaydo,1
1660,gayfuck,1
1661,gayfuckist,1
1662,gaylord,1
1663,gays,1
1664,gaysex,1
1665,gaytard,1
1666,gaywad,1
1667,geekier,0
1668,geeky,0
1669,gem,0
1670,gems,0
1671,gender,0
1672,gender bender,1
1673,generosity,0
1674,generous,0
1675,generously,0
1676,genial,0
1677,genius,0
1678,gentle,0
1679,gentlest,0
1680,genuine,0
1681,gey,1
1682,gfy,1
1683,ghay,1
1684,ghey,1
1685,giant,0
1686,giant cock,1
1687,gifted,0
1688,gigolo,1
1689,ginger,0
1690,gippo,1
1693,girl on,1
1694,girl on top,1
1695,girls,0
1696,girls gone wild,1
1697,git,0
1698,glad,0
1699,gladden,0
1700,gladly,0
1701,gladness,0
1702,glamorous,0
1703,glans,1
1704,glee,0
1705,gleeful,0
1706,gleefully,0
1707,glimmer,0
1708,glimmering,0
1709,glisten,0
1710,glistening,0
1711,glitter,0
1712,glitz,0
1713,glorify,0
1714,glorious,0
1715,gloriously,0
1716,glory,0
1717,glow,0
1718,glowing,0
1719,glowingly,0
1720,goat,0
1721,goatcx,1
1722,goatse,1
1723,god,0
1724,god damn,1
1725,god-dam,1
1726,god-damned,1
1727,god-given,0
1728,god-send,0
1729,godamn,1
1730,godamnit,1
1731,goddam,1
1732,goddammit,1
1733,goddamn,1
1734,goddamned,1
1735,goddamnit,1
1736,goddamnmuthafucker,1
1737,godlike,0
1738,godsdamn,1
1739,godsend,0
1740,gokkun,1
1741,gold,0
1744,golden shower,1
1745,goldenshower,1
1746,golliwog,1
1747,gonad,1
1748,gonads,1
1749,gone,0
1750,gonorrehea,1
1751,goo,0
1752,goo girl,1
1753,gooch,1
1754,good,0
1755,goodly,0
1756,goodness,0
1757,goodpoop,1
1758,goodwill,0
1759,gook,1
1760,gooks,1
1761,goood,0
1762,gooood,0
1763,goregasm,1
1764,gorgeous,0
1765,gorgeously,0
1766,gotohell,1
1767,grace,0
1768,graceful,0
1769,gracefully,0
1770,gracious,0
1771,graciously,0
1772,graciousness,0
1773,grand,0
1774,grandeur,0
1775,grateful,0
1776,gratefully,0
1777,gratification,0
1778,gratified,0
1779,gratifies,0
1780,gratify,0
1781,gratifying,0
1782,gratifyingly,0
1783,gratitude,0
1784,gravy,0
1785,great,0
1786,greatest,0
1787,greatness,0
1788,grin,0
1789,gringo,1
1790,grope,1
1791,groundbreaking,0
1792,group,0
1793,group sex,1
1794,gspot,1
1795,gtfo,1
1796,guarantee,0
1797,guidance,0
1798,guido,1
1799,guiltless,0
1800,gumption,0
1801,guro,1
1802,gush,0
1803,gusto,0
1804,gutsy,0
1805,guy,0
1806,guzzler,0
1807,h0m0,1
1808,h0mo,1
1809,hail,0
1810,hair,0
1811,halcyon,0
1812,hale,0
1813,hallmark,0
1814,hallmarks,0
1815,hallowed,0
1816,ham,0
1817,ham flap,1
1818,hand,0
1819,hand job,1
1820,handier,0
1821,handily,0
1822,handjob,1
1823,hands-down,0
1824,handsome,0
1825,handsomely,0
1826,handy,0
1827,happier,0
1828,happily,0
1829,happiness,0
1830,happy,0
1831,hard,0
1832,hard core,1
1833,hard on,1
1834,hard-working,0
1835,hardcoresex,1
1836,hardier,0
1837,hardy,0
1838,harmless,0
1839,harmonious,0
1840,harmoniously,0
1841,harmonize,0
1842,harmony,0
1843,he,0
1844,he-she,1
1845,he11,1
1846,head,0
1847,headfuck,1
1848,headway,0
1849,heal,0
1850,healthful,0
1851,healthy,0
1852,hearten,0
1853,heartening,0
1854,heartfelt,0
1855,heartily,0
1856,heartwarming,0
1857,heaven,0
1858,heavenly,0
1859,hebe,1
1860,heeb,1
1861,hell,0
1862,helped,0
1863,helpful,0
1864,helping,0
1865,hemp,1
1866,hentai,1
1867,her,0
1868,hero,0
1869,heroic,0
1870,heroically,0
1871,heroin,1
1872,heroine,0
1873,heroize,0
1874,heros,0
1875,herp,1
1876,herpes,1
1877,herpy,1
1878,heshe,1
1879,high-quality,0
1880,high-spirited,0
1881,hilarious,0
1882,hitler,1
1883,ho,1
1885,hoar,1
1887,hoare,1
1888,hobag,1
1890,hoe,1
1891,hoer,1
1892,hole,0
1893,holster,0
1896,holy shit,1
1897,hom0,1
1898,homage,0
1899,homo,0
1900,homodumbshit,1
1901,homoerotic,1
1902,homoey,1
1903,homosexual,1
1904,honest,0
1905,honesty,0
1906,honkey,1
1907,honky,1
1908,honor,0
1909,honorable,0
1910,honored,0
1911,honoring,0
1912,hooch,1
1913,hookah,1
1914,hooker,1
1915,hoor,1
1916,hooray,0
1917,hootch,1
1918,hooter,1
1919,hooters,1
1920,hopeful,0
1921,hore,1
1922,horniest,1
1923,horny,1
1924,hospitable,0
1927,hot carl,1
1928,hot chick,1
1929,hotcake,0
1930,hotcakes,0
1931,hotpussy,1
1932,hotsex,1
1933,hottest,0
1934,how,0
1935,how to kill,1
1936,how to murder,1
1937,hug,0
1938,huge,0
1939,huge fat,1
1940,humane,0
1941,humble,0
1942,humility,0
1943,humor,0
1944,humorous,0
1945,humorously,0
1946,humour,0
1947,humourous,0
1949,hump,1
1950,humped,1
1951,humping,1
1952,hunter,0
1953,hussy,1
1954,hymen,1
1955,iap,1
1956,iberian slap,1
1957,ice,0
1958,ideal,0
1959,idealize,0
1960,ideally,0
1961,idol,0
1962,idolize,0
1963,idolized,0
1964,idyllic,0
1965,illuminate,0
1966,illuminati,0
1967,illuminating,0
1968,illumine,0
1969,illustrious,0
1970,ilu,0
1971,imaculate,0
1972,image,0
1973,imaginative,0
1974,immaculate,0
1975,immaculately,0
1976,immense,0
1977,impartial,0
1978,impartiality,0
1979,impartially,0
1980,impassioned,0
1981,impeccable,0
1982,impeccably,0
1983,important,0
1984,impress,0
1985,impressed,0
1986,impresses,0
1987,impressive,0
1988,impressively,0
1989,impressiveness,0
1990,improve,0
1991,improved,0
1992,improvement,0
1993,improvements,0
1994,improves,0
1995,improving,0
1996,inbred,1
1997,incest,1
1998,incredible,0
1999,incredibly,0
2000,indebted,0
2001,individualized,0
2002,indulgence,0
2003,indulgent,0
2004,industrious,0
2005,inestimable,0
2006,inestimably,0
2007,inexpensive,0
2008,infallibility,0
2009,infallible,0
2010,infallibly,0
2011,influential,0
2012,ingenious,0
2013,ingeniously,0
2014,ingenuity,0
2015,ingenuous,0
2016,ingenuously,0
2017,injun,1
2018,innocuous,0
2019,innovation,0
2020,innovative,0
2021,inpressed,0
2022,insightful,0
2023,insightfully,0
2024,inspiration,0
2025,inspirational,0
2026,inspire,0
2027,inspiring,0
2028,instantly,0
2029,instructive,0
2030,instrumental,0
2031,integral,0
2032,integrated,0
2033,intelligence,0
2034,intelligent,0
2035,intelligible,0
2036,intercourse,1
2037,interesting,0
2038,interests,0
2039,intimacy,0
2040,intimate,0
2041,intricate,0
2042,intrigue,0
2043,intriguing,0
2044,intriguingly,0
2045,intuitive,0
2046,invaluable,0
2047,invaluablely,0
2048,inventive,0
2049,invigorate,0
2050,invigorating,0
2051,invincibility,0
2052,invincible,0
2053,inviolable,0
2054,inviolate,0
2055,invulnerable,0
2056,irreplaceable,0
2057,irreproachable,0
2058,irresistible,0
2059,irresistibly,0
2060,issue-free,0
2061,j3rk0ff,1
2062,jack,0
2063,jack off,1
2064,jack-off,1
2065,jackass,1
2066,jackasses,1
2067,jacket,0
2068,jackhole,1
2069,jackoff,1
2070,jaggi,1
2071,jagoff,1
2072,jail,0
2073,jail bait,1
2074,jailbait,1
2075,jap,1
2076,japs,1
2077,jar,0
2078,jaw-droping,0
2079,jaw-dropping,0
2080,jelly,0
2081,jelly donut,1
2082,jerk,1
2083,jerk off,1
2084,jerk-off,1
2085,jerk0ff,1
2086,jerkass,1
2087,jerked,1
2088,jerkoff,1
2089,jigaboo,1
2090,jiggaboo,1
2091,jiggerboo,1
2092,jism,1
2093,jiz,1
2094,jizm,1
2095,jizz,1
2096,jizzed,1
2099,jock,1
2100,jockey,0
2101,jokey,0
2102,jollify,0
2103,jolly,0
2104,jovial,0
2105,joy,0
2106,joyful,0
2107,joyfully,0
2108,joyous,0
2109,joyously,0
2110,jubilant,0
2111,jubilantly,0
2112,jubilate,0
2113,jubilation,0
2114,jubiliant,0
2115,judicious,0
2116,juggs,1
2117,juice,0
2118,jungle,0
2119,jungle bunny,1
2120,junglebunny,1
2121,junkie,1
2122,junky,1
2123,justly,0
2124,kafir,1
2125,kawk,1
2126,keen,0
2127,keenly,0
2128,keenness,0
2129,kick,0
2130,kid-friendly,0
2131,kike,1
2132,kikes,1
2133,kinbaku,1
2134,kindliness,0
2135,kindly,0
2136,kindness,0
2137,kinkster,1
2138,kinky,0
2139,kkk,1
2140,klan,1
2141,knob,0
2142,knob end,1
2143,knobbing,1
2144,knobead,1
2145,knobed,1
2146,knobend,1
2147,knobhead,1
2148,knobjocky,1
2149,knobjokey,1
2150,knocker,0
2151,knoker,0
2152,knowledgeable,0
2153,kock,1
2154,kondum,1
2155,kondums,1
2156,kooch,1
2157,kooches,1
2158,kootch,1
2159,kraut,0
2160,kudos,0
2161,kum,1
2162,kummer,1
2163,kumming,1
2164,kums,1
2165,kunilingus,1
2166,kunja,1
2167,kunt,1
2168,kwif,1
2169,kyke,1
2170,l3i+ch,1
2171,l3itch,1
2172,labia,0
2173,lameass,1
2174,lardass,1
2175,large-capacity,0
2176,laud,0
2177,laudable,0
2178,laudably,0
2179,lavish,0
2180,lavishly,0
2181,law-abiding,0
2182,lawful,0
2183,lawfully,0
2184,lead,0
2185,leading,0
2186,leads,0
2187,lean,0
2188,leather,0
2189,leather restraint,1
2190,leather straight jacket,1
2191,lech,1
2192,led,0
2193,leg,0
2194,legal,0
2195,legendary,0
2196,lemon,0
2197,lemon party,1
2198,leper,1
2199,lesbo,1
2200,lesbos,1
2201,leverage,0
2202,levity,0
2203,lez,1
2204,lezbo,1
2205,lezbos,1
2206,lezza,1
2207,lezzie,1
2208,lezzies,1
2209,lezzy,1
2210,liberate,0
2211,liberation,0
2212,liberty,0
2215,lifesaver,0
2216,lift,0
2217,light-hearted,0
2218,lighter,0
2219,likable,0
2220,like,0
2221,liked,0
2222,likes,0
2223,liking,0
2224,lionhearted,0
2225,lip,0
2226,litter,0
2227,lively,0
2228,load,0
2229,log,0
2230,logical,0
2231,loin,1
2232,loins,1
2233,lolita,1
2234,long-lasting,0
2235,looney,1
2236,lovable,0
2237,lovably,0
2238,love,0
2239,loved,0
2240,loveliness,0
2241,lovely,0
2242,lovemaking,1
2245,loves,0
2246,loving,0
2247,low-cost,0
2248,low-price,0
2249,low-priced,0
2250,low-risk,0
2251,lower-priced,0
2252,loyal,0
2253,loyalty,0
2254,lube,1
2255,lucid,0
2256,lucidly,0
2257,luck,0
2258,luckier,0
2259,luckiest,0
2260,luckiness,0
2261,lucky,0
2262,lucrative,0
2263,luminous,0
2264,lump,0
2265,lush,0
2266,lust,1
2267,luster,0
2268,lusting,1
2269,lustrous,0
2270,lusty,1
2271,luxuriant,0
2272,luxuriate,0
2273,luxurious,0
2274,luxuriously,0
2275,luxury,0
2276,lyrical,0
2277,m-fucking,1
2278,m0f0,1
2279,m0fo,1
2280,m45terbate,1
2281,ma5terb8,1
2282,ma5terbate,1
2283,mafugly,1
2284,magic,0
2285,magical,0
2286,magnanimous,0
2287,magnanimously,0
2288,magnificence,0
2289,magnificent,0
2290,magnificently,0
2291,majestic,0
2292,majesty,0
2293,make,0
2294,make me come,1
2295,male squirting,1
2296,mama,0
2297,mams,1
2298,man,0
2299,manageable,0
2300,maneuverable,0
2301,marvel,0
2302,marveled,0
2303,marvelled,0
2304,marvellous,0
2305,marvelous,0
2306,marvelously,0
2307,marvelousness,0
2308,marvels,0
2309,masochist,1
2310,massa,1
2313,master-bate,1
2314,masterb8,1
2315,masterbat,1
2316,masterbat3,1
2317,masterbate,1
2318,masterbating,1
2319,masterbation,1
2320,masterbations,1
2321,masterful,0
2322,masterfully,0
2323,masterpiece,0
2324,masterpieces,0
2325,masters,0
2326,mastery,0
2327,masturbate,1
2328,masturbating,1
2329,masturbation,1
2330,matchless,0
2331,mature,0
2332,maturely,0
2333,maturity,0
2334,maxi,1
2335,mcfagget,1
2336,me,0
2337,meaningful,0
2338,meat,0
2339,memorable,0
2340,men,0
2341,menage,0
2342,menage a trois,1
2343,merciful,0
2344,mercifully,0
2345,mercy,0
2346,merit,0
2347,meritorious,0
2348,merrily,0
2349,merriment,0
2350,merriness,0
2351,merry,0
2352,mesmerize,0
2353,mesmerized,0
2354,mesmerizes,0
2355,mesmerizing,0
2356,mesmerizingly,0
2357,meth,1
2358,meticulous,0
2359,meticulously,0
2360,mick,1
2361,middle,0
2362,midget,1
2363,mightily,0
2364,mighty,0
2365,milf,1
2366,mind-blowing,0
2367,minge,1
2368,minger,1
2369,miracle,0
2370,miracles,0
2371,miraculous,0
2372,miraculously,0
2373,miraculousness,0
2374,missionary,0
2375,missionary position,1
2376,mo-fo,1
2377,modern,0
2378,modest,0
2379,modesty,0
2380,mof0,1
2381,mofo,1
2382,molest,1
2383,momentous,0
2384,mong,1
2385,monkey,0
2386,monumental,0
2387,monumentally,0
2388,moo moo foo foo,1
2389,moolie,1
2390,morality,0
2391,moron,1
2392,mothafuck,1
2393,mothafucka,1
2394,mothafuckas,1
2395,mothafuckaz,1
2396,mothafucked,1
2397,mothafucker,1
2398,mothafuckers,1
2399,mothafuckin,1
2400,mothafucking,1
2401,mothafuckings,1
2402,mothafucks,1
2403,mother,0
2404,mother fucker,1
2405,motherfuck,1
2406,motherfucka,1
2407,motherfucked,1
2408,motherfucker,1
2409,motherfuckers,1
2410,motherfuckin,1
2411,motherfucking,1
2412,motherfuckings,1
2413,motherfuckka,1
2414,motherfucks,1
2415,motherless,0
2416,motivated,0
2417,mound,0
2418,mound of venus,1
2419,mr,0
2420,mr hands,1
2421,mtherfucker,1
2422,mthrfucker,1
2423,mthrfucking,1
2424,much,0
2425,mud,0
2426,muff,0
2427,muff diver,1
2428,muff puff,1
2429,muffdiver,1
2430,muffdiving,1
2431,multi-purpose,0
2432,munch,0
2433,munging,1
2434,munter,1
2435,murder,1
2436,mutha,1
2437,muthafecker,1
2438,muthafuckaz,1
2439,muthafuckker,1
2440,muther,1
2441,mutherfucker,1
2442,mutherfucking,1
2443,muthrfucking,1
2444,n1gga,1
2445,n1gger,1
2446,nad,1
2447,nads,1
2448,naked,0
2449,nambla,1
2450,napalm,1
2451,nappy,1
2452,navigable,0
2453,nawashi,1
2454,nazi,1
2455,nazism,1
2456,neat,0
2457,neatest,0
2458,neatly,0
2459,need,0
2460,need the dick,1
2461,negro,1
2462,neonazi,1
2463,nice,0
2464,nicely,0
2465,nicer,0
2466,nicest,0
2467,nifty,0
2468,nig nog,1
2469,nig-nog,1
2470,nigaboo,1
2471,nigg3r,1
2472,nigg4h,1
2473,nigga,1
2474,niggah,1
2475,niggas,1
2476,niggaz,1
2477,nigger,1
2478,niggers,1
2479,niggle,0
2480,niglet,1
2481,nimble,0
2482,nimphomania,1
2483,nimrod,1
2484,ninny,1
2485,nob,1
2486,nob jokey,1
2487,nobhead,1
2488,nobjocky,1
2489,nobjokey,1
2490,noble,0
2491,nobly,0
2492,noiseless,0
2493,non-violence,0
2494,non-violent,0
2495,nonce,1
2496,nooky,1
2497,nose,0
2498,notably,0
2499,noteworthy,0
2500,nourish,0
2501,nourishing,0
2502,nourishment,0
2503,novelty,0
2504,nsfw images,1
2505,nude,1
2507,nudity,1
2508,nugget,0
2509,numb,0
2510,numbnuts,1
2511,nurturing,0
2512,nut,0
2513,nut butter,1
2514,nut sack,1
2515,nutsack,1
2516,nutter,1
2517,nympho,1
2518,nymphomania,1
2519,oasis,0
2520,obsession,0
2521,obsessions,0
2522,obtainable,0
2523,octopussy,1
2524,of,0
2525,off,0
2526,old,0
2527,old bag,1
2528,omorashi,1
2529,on,0
2530,one,0
2531,one cup two girls,1
2532,one guy one jar,1
2533,openly,0
2534,openness,0
2535,opiate,1
2536,opium,1
2537,optimal,0
2538,optimism,0
2539,optimistic,0
2540,opulent,0
2541,oral,0
2542,orally,1
2543,orderly,0
2544,orgasim,1
2545,orgasims,1
2546,orgasm,1
2547,orgasmic,1
2548,orgasms,1
2549,orgies,1
2550,orgy,1
2551,originality,0
2552,outdo,0
2553,outdone,0
2554,outperform,0
2555,outperformed,0
2556,outperforming,0
2557,outperforms,0
2558,outshine,0
2559,outshone,0
2560,outsmart,0
2561,outstanding,0
2562,outstandingly,0
2563,outstrip,0
2564,outwit,0
2565,ovation,0
2566,overjoyed,0
2567,overtake,0
2568,overtaken,0
2569,overtakes,0
2570,overtaking,0
2571,overtook,0
2572,overture,0
2573,p.u.s.s.y.,1
2574,p0rn,1
2575,packer,0
2576,paddy,1
2578,paedophile,1
2579,pain-free,0
2580,painless,0
2581,painlessly,0
2582,paki,1
2583,palace,0
2584,palatial,0
2585,palm,0
2586,pamper,0
2587,pampered,0
2588,pamperedly,0
2589,pamperedness,0
2590,pampers,0
2591,panooch,1
2592,panoramic,0
2593,pansy,1
2594,paradise,0
2595,paramount,0
2596,pardon,0
2597,party,0
2598,passion,0
2599,passionate,0
2600,passionately,0
2601,pastie,1
2602,pasty,1
2603,patience,0
2604,patient,0
2605,patiently,0
2606,patriot,0
2607,patriotic,0
2608,pcp,1
2609,peace,0
2610,peaceable,0
2611,peaceful,0
2612,peacefully,0
2613,peacekeepers,0
2614,peach,0
2615,pecker,1
2617,peckerhead,1
2618,pedo,1
2619,pedobear,1
2620,pedophile,1
2621,pedophilia,1
2622,pedophiliac,1
2623,peerless,0
2624,pegging,1
2625,penetrate,1
2627,penetration,1
2628,penial,1
2629,penile,1
2630,penis,1
2631,penisbanger,1
2632,penisfucker,1
2633,penispuffer,1
2634,pep,0
2635,pepped,0
2636,pepping,0
2637,peppy,0
2638,peps,0
2639,perfect,0
2640,perfection,0
2641,perfectly,0
2642,permissible,0
2643,perseverance,0
2644,persevere,0
2645,personages,0
2646,personalized,0
2647,perversion,1
2648,peyote,1
2649,phalli,1
2650,phallic,1
2651,phenomenal,0
2652,phenomenally,0
2653,phone,0
2654,phone sex,1
2655,phonesex,1
2656,phuck,1
2657,phuk,1
2658,phuked,1
2659,phuking,1
2660,phukked,1
2661,phukking,1
2662,phuks,1
2663,phuq,1
2664,picturesque,0
2665,pie,0
2666,piece,0
2667,piece of shit,1
2668,piercing,0
2669,piety,0
2670,pigfucker,1
2671,pikey,1
2672,pillow,0
2673,pillowbiter,1
2674,pimp,1
2675,pimpis,1
2676,pinko,1
2677,pinnacle,0
2678,pipeline,0
2679,pirate,0
2680,piss,0
2681,piss pig,1
2682,pissflaps,1
2683,pisspig,1
2684,play,0
2685,playful,0
2686,playfully,0
2687,pleasant,0
2688,pleasantly,0
2689,pleased,0
2690,pleases,0
2691,pleasing,0
2692,pleasingly,0
2693,pleasurable,0
2694,pleasurably,0
2697,pleasure chest,1
2698,plentiful,0
2699,plug,0
2700,pluses,0
2701,plush,0
2702,plusses,0
2703,pms,1
2704,pocket,0
2705,poetic,0
2706,poeticize,0
2707,poignant,0
2708,poise,0
2709,poised,0
2710,polack,1
2711,pole,0
2712,pole smoker,1
2713,polesmoker,1
2714,polished,0
2715,polite,0
2716,politeness,0
2717,pollock,1
2718,pony,0
2719,ponyplay,1
2720,poof,1
2721,poon,1
2722,poonani,1
2723,poonany,1
2724,poontang,1
2725,poop chute,1
2726,poopchute,1
2727,poopuncher,1
2728,popular,0
2729,porch,0
2730,porch monkey,1
2731,porchmonkey,1
2732,porn,1
2733,porno,1
2734,pornography,1
2735,pornos,1
2736,portable,0
2737,posh,0
2738,position,0
2739,positive,0
2740,positively,0
2741,positives,0
2742,pot,0
2743,power,0
2744,powerful,0
2745,powerfully,0
2746,praise,0
2747,praiseworthy,0
2748,praising,0
2749,pre-eminent,0
2750,precious,0
2751,precise,0
2752,precisely,0
2753,preeminent,0
2754,prefer,0
2755,preferable,0
2756,preferably,0
2757,prefered,0
2758,preferes,0
2759,preferring,0
2760,prefers,0
2761,premier,0
2762,prestige,0
2763,prestigious,0
2764,prettily,0
2765,pretty,0
2766,priceless,0
2768,prick,1
2769,pricks,1
2770,prickteaser,1
2771,pride,0
2772,prig,1
2773,prince,0
2774,prince albert piercing,1
2775,principled,0
2776,privilege,0
2777,privileged,0
2778,prize,0
2779,proactive,0
2780,problem-free,0
2781,problem-solver,0
2782,prod,1
2783,prodigious,0
2784,prodigiously,0
2785,prodigy,0
2786,productive,0
2787,productively,0
2788,proficient,0
2789,proficiently,0
2790,profound,0
2791,profoundly,0
2792,profuse,0
2793,profusion,0
2794,progress,0
2795,progressive,0
2796,prolific,0
2797,prominence,0
2798,prominent,0
2799,promise,0
2800,promised,0
2801,promises,0
2802,promising,0
2803,promoter,0
2804,prompt,0
2805,promptly,0
2806,pron,1
2807,proper,0
2808,properly,0
2809,propitious,0
2810,propitiously,0
2811,pros,0
2812,prosper,0
2813,prosperity,0
2814,prosperous,0
2815,prospros,0
2816,prostitute,1
2817,protect,0
2818,protection,0
2819,protective,0
2820,proud,0
2821,proven,0
2822,proves,0
2823,providence,0
2824,proving,0
2825,prowess,0
2826,prude,1
2827,prudence,0
2828,prudent,0
2829,prudently,0
2830,pthc,1
2831,pube,1
2832,pubes,1
2833,pubic,1
2834,pubis,1
2835,puff,0
2836,punani,1
2837,punanny,1
2838,punany,1
2839,punch,0
2840,punctual,0
2841,punkass,1
2842,punky,1
2843,punta,1
2844,puppet,0
2845,pure,0
2846,purify,0
2847,purposeful,0
2848,puss,1
2849,pusse,1
2850,pussi,1
2851,pussies,1
2852,pussy,1
2853,pussy fart,1
2854,pussy palace,1
2855,pussylicking,1
2856,pussypounder,1
2857,pussys,1
2858,pust,1
2859,puto,1
2860,quaint,0
2861,qualified,0
2862,qualify,0
2863,queaf,1
2864,queef,1
2865,queer,1
2866,queerbait,1
2867,queerhole,1
2868,queero,1
2869,queers,1
2870,quicker,0
2871,quicky,1
2872,quiet,0
2873,quieter,0
2874,quim,1
2875,r-tard,1
2876,racy,1
2877,radiance,0
2878,radiant,0
2879,rag,0
2880,raghead,1
2881,raging,0
2882,raging boner,1
2883,rape,1
2885,raped,1
2886,raper,1
2887,rapey,1
2888,rapid,0
2889,raping,1
2890,rapist,1
2891,rapport,0
2892,rapt,0
2893,rapture,0
2894,raptureous,0
2895,raptureously,0
2896,rapturous,0
2897,rapturously,0
2898,rational,0
2899,raunch,1
2900,razor-sharp,0
2901,reachable,0
2902,readable,0
2903,readily,0
2904,ready,0
2905,reaffirm,0
2906,reaffirmation,0
2907,realistic,0
2908,realizable,0
2909,reasonable,0
2910,reasonably,0
2911,reasoned,0
2912,reassurance,0
2913,reassure,0
2914,receptive,0
2915,reclaim,0
2916,recomend,0
2917,recommend,0
2918,recommendation,0
2919,recommendations,0
2920,recommended,0
2921,reconcile,0
2922,reconciliation,0
2923,record-setting,0
2924,recover,0
2925,recovery,0
2926,rectal,1
2927,rectification,0
2928,rectify,0
2929,rectifying,0
2930,rectum,1
2931,rectus,1
2932,redeem,0
2933,redeeming,0
2934,redemption,0
2935,reefer,1
2936,reetard,1
2937,refine,0
2938,refined,0
2939,refinement,0
2940,reform,0
2941,reformed,0
2942,reforming,0
2943,reforms,0
2944,refresh,0
2945,refreshed,0
2946,refreshing,0
2947,refund,0
2948,refunded,0
2949,regal,0
2950,regally,0
2951,regard,0
2952,reich,1
2953,rejoice,0
2954,rejoicing,0
2955,rejoicingly,0
2956,rejuvenate,0
2957,rejuvenated,0
2958,rejuvenating,0
2959,relaxed,0
2960,relent,0
2961,reliable,0
2962,reliably,0
2963,relief,0
2964,relish,0
2965,remarkable,0
2966,remarkably,0
2967,remedy,0
2968,remission,0
2969,remunerate,0
2970,renaissance,0
2971,renewed,0
2972,renob,1
2973,renown,0
2974,renowned,0
2975,replaceable,0
2976,reputable,0
2977,reputation,0
2978,resilient,0
2979,resolute,0
2980,resound,0
2981,resounding,0
2982,resourceful,0
2983,resourcefulness,0
2984,respect,0
2985,respectable,0
2986,respectful,0
2987,respectfully,0
2988,respite,0
2989,resplendent,0
2990,responsibly,0
2991,responsive,0
2992,restful,0
2993,restored,0
2994,restraint,0
2995,restructure,0
2996,restructured,0
2997,restructuring,0
2998,retard,1
2999,retarded,1
3000,retractable,0
3001,revel,0
3002,revelation,0
3003,revere,0
3004,reverence,0
3005,reverent,0
3006,reverently,0
3007,reverse,0
3008,reverse cowgirl,1
3009,revitalize,0
3010,revival,0
3011,revive,0
3012,revives,0
3013,revolutionary,0
3014,revolutionize,0
3015,revolutionized,0
3016,revolutionizes,0
3017,revue,1
3018,reward,0
3019,rewarding,0
3020,rewardingly,0
3021,rich,0
3022,richer,0
3023,richly,0
3024,richness,0
3025,right,0
3026,righten,0
3027,righteous,0
3028,righteously,0
3029,righteousness,0
3030,rightful,0
3031,rightfully,0
3032,rightly,0
3033,rightness,0
3034,rimjaw,1
3035,rimjob,1
3036,rimming,1
3037,risk-free,0
3038,ritard,1
3039,robust,0
3040,rock-star,0
3041,rock-stars,0
3042,rockstar,0
3043,rockstars,0
3044,romantic,0
3045,romantically,0
3046,romanticize,0
3047,roomier,0
3048,roomy,0
3049,rope,0
3050,rose,0
3052,rosebud,1
3054,rosy,1
3055,rosy palm,1
3056,rosy palm and her 5 sisters,1
3057,rtard,1
3059,rum,1
3060,rump,1
3062,rumprammer,1
3063,ruski,1
3064,rusty,0
3065,rusty trombone,1
3066,s hit,1
3067,s_h_i_t,1
3068,s-h-1-t,1
3069,s-h-i-t,1
3070,s-o-b,1
3071,s.h.i.t.,1
3072,s.o.b.,1
3073,s&m,1
3074,s0b,1
3075,sack,0
3076,sadism,1
3077,sadist,1
3078,safe,0
3079,safely,0
3080,sagacity,0
3081,sagely,0
3082,saint,0
3083,saintliness,0
3084,saintly,0
3085,salutary,0
3086,salute,0
3087,sambo,1
3088,sand,0
3089,sand nigger,1
3090,sandbar,1
3091,sandler,1
3092,sandnigger,1
3093,sane,0
3094,sanger,1
3095,santorum,1
3096,satisfactorily,0
3097,satisfactory,0
3098,satisfied,0
3099,satisfies,0
3100,satisfy,0
3101,satisfying,0
3102,satisified,0
3103,sausage queen,1
3104,saver,0
3105,savings,0
3106,savior,0
3107,savvy,0
3108,scag,1
3109,scantily,1
3110,scat,1
3111,scenic,0
3112,schizo,1
3113,schlong,1
3114,scissoring,1
3115,screw,1
3117,screwed,1
3118,screwing,1
3119,scroat,1
3120,scrog,1
3121,scrot,1
3122,scrote,1
3123,scrotum,1
3124,scrud,1
3125,seaman,1
3127,seamen,1
3128,seamless,0
3129,seasoned,0
3130,secure,0
3131,securely,0
3132,seduce,1
3133,seks,1
3134,selective,0
3135,self-determination,0
3136,self-respect,0
3137,self-satisfaction,0
3138,self-sufficiency,0
3139,self-sufficient,0
3140,semen,1
3141,sensation,0
3142,sensational,0
3143,sensationally,0
3144,sensations,0
3145,sensible,0
3146,sensibly,0
3147,sensitive,0
3148,serene,0
3149,serenity,0
3151,sex,1
3152,sexo,1
3153,sexy,0
3154,sh!+,1
3155,sh!t,1
3156,sh1t,1
3157,shag,1
3158,shagger,1
3159,shaggin,1
3160,shagging,1
3161,shamedame,1
3162,sharp,0
3163,sharper,0
3164,sharpest,0
3165,shave,0
3166,shaved beaver,1
3167,shaved pussy,1
3168,she,0
3169,shemale,1
3170,shi+,1
3171,shibari,1
3172,shimmering,0
3173,shimmeringly,0
3174,shine,0
3175,shiny,0
3176,ship,0
3177,shirt,0
3178,shirt lifter,1
3179,shit,1
3180,shit ass,1
3181,shit fucker,1
3182,shitass,1
3183,shitbag,1
3184,shitbagger,1
3185,shitblimp,1
3186,shitbrains,1
3187,shitbreath,1
3188,shitcanned,1
3189,shitcunt,1
3190,shitdick,1
3191,shite,1
3192,shiteater,1
3193,shited,1
3194,shitey,1
3195,shitface,1
3196,shitfaced,1
3197,shitfuck,1
3198,shitfull,1
3199,shithead,1
3200,shitheads,1
3201,shithole,1
3202,shithouse,1
3203,shiting,1
3204,shitings,1
3205,shits,1
3206,shitspitter,1
3207,shitstain,1
3208,shitt,1
3209,shitted,1
3210,shitter,1
3211,shitters,1
3212,shittier,1
3213,shittiest,1
3214,shitting,1
3215,shittings,1
3216,shitty,1
3217,shiz,1
3218,shiznit,1
3219,shot,0
3220,shota,1
3221,shower,0
3222,shrimping,1
3223,significant,0
3224,silent,0
3225,simpler,0
3226,simplest,0
3227,simplified,0
3228,simplifies,0
3229,simplify,0
3230,simplifying,0
3231,sincere,0
3232,sincerely,0
3233,sincerity,0
3234,sissy,1
3235,sister,0
3236,skag,1
3237,skank,1
3238,skeet,1
3239,skill,0
3240,skilled,0
3241,skillful,0
3242,skillfully,0
3243,skullfuck,1
3244,slag,1
3245,slammin,0
3246,slanteye,1
3247,sleaze,1
3248,sleazy,1
3249,sleek,0
3250,slick,0
3251,slut,1
3252,slut bucket,1
3253,slutbag,1
3254,slutdumper,1
3255,slutkiss,1
3256,sluts,1
3257,smart,0
3258,smartass,1
3259,smartasses,1
3260,smarter,0
3261,smartest,0
3262,smartly,0
3263,smeg,1
3264,smegma,1
3265,smile,0
3266,smiles,0
3267,smiling,0
3268,smilingly,0
3269,smith,0
3270,smitten,0
3271,smoke,0
3272,smoker,0
3273,smooth,0
3274,smoother,0
3275,smoothes,0
3276,smoothest,0
3277,smoothly,0
3278,smut,1
3279,smutty,1
3280,snappy,0
3282,snatch,1
3283,snazzy,0
3284,sniff,0
3285,snot,0
3286,snowball,0
3288,snowballing,1
3289,snuff,1
3290,sociable,0
3291,sodom,1
3292,sodomize,1
3293,sodomy,1
3294,soft,0
3295,softer,0
3296,solace,0
3297,solicitous,0
3298,solicitously,0
3299,solid,0
3300,solidarity,0
3301,son,0
3302,son of a bitch,1
3303,son of a motherless goat,1
3304,son of a whore,1
3305,son-of-a-bitch,1
3306,soothe,0
3307,soothingly,0
3308,sophisticated,0
3309,soulful,0
3310,soundly,0
3311,soundness,0
3312,souse,1
3313,soused,1
3314,spac,1
3315,spacious,0
3316,sparkle,0
3317,sparkling,0
3318,spectacular,0
3319,spectacularly,0
3320,speedily,0
3321,speedy,0
3322,spellbind,0
3323,spellbinding,0
3324,spellbindingly,0
3325,spellbound,0
3326,spic,1
3327,spick,1
3328,spik,1
3329,spiks,1
3330,spirited,0
3331,spiritual,0
3332,splendid,0
3333,splendidly,0
3334,splendor,0
3335,splooge,1
3336,splooge moose,1
3337,spontaneous,0
3338,spooge,1
3339,spook,1
3340,sporty,0
3341,spotless,0
3342,spread,0
3343,spread legs,1
3344,sprightly,0
3345,spunk,1
3346,squirting,0
3347,stability,0
3348,stabilize,0
3349,stable,0
3350,stain,0
3351,stainless,0
3352,standout,0
3353,starfish,0
3354,state-of-the-art,0
3355,stately,0
3356,statuesque,0
3357,staunch,0
3358,staunchly,0
3359,staunchness,0
3360,steadfast,0
3361,steadfastly,0
3362,steadfastness,0
3363,steadiest,0
3364,steadiness,0
3365,steady,0
3366,steam,0
3367,steamy,1
3368,stellar,0
3369,stellarly,0
3370,stfu,1
3371,stiffy,1
3372,stimulate,0
3373,stimulates,0
3374,stimulating,0
3375,stimulative,0
3376,stirringly,0
3377,straight,0
3378,straighten,0
3379,straightforward,0
3380,strap,0
3381,strap on,1
3382,strapon,1
3383,strappado,1
3384,streamlined,0
3385,striking,0
3386,strikingly,0
3387,strip club,1
3388,striving,0
3389,stroke,1
3391,strong,0
3392,stronger,0
3393,strongest,0
3394,stunned,0
3395,stunning,0
3396,stunningly,0
3397,stupendous,0
3398,stupendously,0
3399,sturdier,0
3400,sturdy,0
3401,style,0
3402,style doggy,1
3403,stylish,0
3404,stylishly,0
3405,stylized,0
3406,suave,0
3407,suavely,0
3408,sublime,0
3409,subsidize,0
3410,subsidized,0
3411,subsidizes,0
3412,subsidizing,0
3413,substantive,0
3414,succeed,0
3415,succeeded,0
3416,succeeding,0
3417,succeeds,0
3418,succes,0
3419,success,0
3420,successes,0
3421,successful,0
3422,successfully,0
3423,suck,0
3424,suckass,1
3425,sucked,0
3426,sucking,0
3427,sucks,0
3428,suffice,0
3429,sufficed,0
3430,suffices,0
3431,sufficient,0
3432,sufficiently,0
3433,suicide girls,1
3434,suitable,0
3435,sultry women,1
3436,sumofabiatch,1
3437,sumptuous,0
3438,sumptuously,0
3439,sumptuousness,0
3440,super,0
3441,superb,0
3442,superbly,0
3443,superior,0
3444,superiority,0
3445,supple,0
3446,support,0
3447,supported,0
3448,supporter,0
3449,supporting,0
3450,supportive,0
3451,supports,0
3452,supremacy,0
3453,supreme,0
3454,supremely,0
3455,supurb,0
3456,supurbly,0
3457,surmount,0
3458,surpass,0
3459,surreal,0
3460,survival,0
3461,survivor,0
3462,sustainability,0
3463,sustainable,0
3464,swank,0
3465,swankier,0
3466,swankiest,0
3467,swanky,0
3468,swastika,1
3469,sweeping,0
3470,sweet,0
3471,sweeten,0
3472,sweetheart,0
3473,sweetly,0
3474,sweetness,0
3475,swift,0
3476,swiftness,0
3477,swinger,1
3478,t1t,1
3479,t1tt1e5,1
3480,t1tties,1
3481,taff,1
3482,taig,1
3483,tainted love,1
3484,take,0
3485,taking the piss,1
3486,talent,0
3487,talented,0
3488,talents,0
3489,tantalize,0
3490,tantalizing,0
3491,tantalizingly,0
3492,tard,1
3495,tawdry,1
3496,tea,0
3497,tea bagging,1
3498,teabagging,1
3499,teat,1
3500,teets,1
3501,teez,1
3502,tempt,0
3503,tempting,0
3504,temptingly,0
3505,tenacious,0
3506,tenaciously,0
3507,tenacity,0
3508,tender,0
3509,tenderly,0
3510,terd,1
3511,terrific,0
3512,terrifically,0
3513,teste,1
3514,testee,1
3515,testes,1
3516,testical,1
3517,testicle,1
3518,testis,1
3519,thank,0
3520,thankful,0
3521,the,0
3522,thinner,0
3523,thoughtful,0
3524,thoughtfully,0
3525,thoughtfulness,0
3526,threesome,1
3527,thrift,0
3528,thrifty,0
3529,thrill,0
3530,thrilled,0
3531,thrilling,0
3532,thrillingly,0
3533,thrills,0
3534,thrive,0
3535,thriving,0
3538,throating,1
3539,thrust,1
3540,thug,1
3541,thumb-up,0
3542,thumbs-up,0
3543,thundercunt,1
3544,tickle,0
3545,tidy,0
3546,tied up,0
3547,tight white,1
3548,time-honored,0
3549,timely,0
3550,tingle,0
3551,tit,1
3552,tit wank,1
3553,titfuck,1
3554,titi,1
3555,tities,1
3556,titillate,0
3557,titillating,0
3558,titillatingly,0
3559,tits,1
3560,titt,1
3561,tittie5,1
3562,tittiefucker,1
3563,titties,1
3564,titty,1
3565,tittyfuck,1
3566,tittyfucker,1
3567,tittywank,1
3568,titwank,1
3569,to,0
3570,toe,0
3571,togetherness,0
3572,toke,1
3573,tolerable,0
3574,toll-free,0
3575,tongue,0
3576,tongue in a,1
3577,toots,1
3580,top-notch,0
3581,top-quality,0
3582,topnotch,0
3583,tops,0
3584,tosser,1
3585,tough,0
3586,tougher,0
3587,toughest,0
3588,towelhead,1
3589,traction,0
3590,tramp,1
3591,tranny,1
3592,tranquil,0
3593,tranquility,0
3594,transparent,0
3595,transsexual,1
3596,trashy,1
3597,treasure,0
3598,tremendously,0
3599,trendy,0
3600,tribadism,1
3601,triumph,0
3602,triumphal,0
3603,triumphant,0
3604,triumphantly,0
3605,trivially,0
3606,trombone,0
3609,trouble-free,0
3610,trump,0
3611,trumped,1
3612,trumpet,0
3613,trust,0
3614,trusted,0
3615,trusting,0
3616,trustingly,0
3617,trustworthiness,0
3618,trustworthy,0
3619,trusty,0
3620,truthful,0
3621,truthfully,0
3622,truthfulness,0
3623,tub,0
3624,tub girl,1
3625,tubgirl,1
3626,turd,1
3627,tush,1
3628,tushy,1
3629,tw4t,1
3630,twat,1
3631,twathead,1
3632,twatlips,1
3633,twats,1
3634,twatty,1
3635,twatwaffle,1
3636,twink,1
3637,twinkie,1
3638,twinkly,0
3639,two,0
3640,two fingers,1
3641,two fingers with tongue,1
3642,two girls one cup,1
3643,twunt,1
3644,twunter,1
3645,ultra-crisp,0
3646,unabashed,0
3647,unabashedly,0
3648,unaffected,0
3649,unassailable,0
3650,unbeatable,0
3651,unbiased,0
3652,unbound,0
3653,unclefucker,1
3654,uncomplicated,0
3655,unconditional,0
3656,undamaged,0
3657,undaunted,0
3658,understandable,0
3659,undies,1
3660,undisputable,0
3661,undisputably,0
3662,undisputed,0
3663,unencumbered,0
3664,unequivocal,0
3665,unequivocally,0
3666,unfazed,0
3667,unfettered,0
3668,unforgettable,0
3669,unity,0
3670,unlimited,0
3671,unmatched,0
3672,unparalleled,0
3673,unquestionable,0
3674,unquestionably,0
3675,unreal,0
3676,unrestricted,0
3677,unrivaled,0
3678,unselfish,0
3679,unwavering,0
3680,unwed,1
3681,upbeat,0
3682,upgradable,0
3683,upgradeable,0
3684,upgraded,0
3685,upheld,0
3686,uphold,0
3687,uplift,0
3688,uplifting,0
3689,upliftingly,0
3690,upliftment,0
3691,upscale,0
3692,upskirt,1
3693,urethra play,1
3694,urophilia,1
3695,usable,0
3696,useable,0
3697,useful,0
3698,user-friendly,0
3699,user-replaceable,0
3700,uzi,1
3701,v14gra,1
3702,v1gra,1
3703,va-j-j,1
3704,vag,1
3705,vajayjay,1
3706,valiant,0
3707,valiantly,0
3708,valium,1
3709,valor,0
3710,valuable,0
3711,variety,0
3712,venerate,0
3713,venus,0
3714,venus mound,1
3715,veqtable,1
3716,verifiable,0
3717,veritable,0
3718,versatile,0
3719,versatility,0
3720,viagra,1
3721,vibe,0
3722,vibrant,0
3723,vibrantly,0
3724,vibrator,1
3725,victorious,0
3726,victory,0
3727,viewable,0
3728,vigilance,0
3729,vigilant,0
3730,violet,0
3731,violet wand,1
3732,virtue,0
3733,virtuous,0
3734,virtuously,0
3735,visionary,0
3736,vivacious,0
3737,vivid,0
3738,vixen,1
3739,vjayjay,1
3740,vorarephilia,1
3741,vouch,0
3742,vouchsafe,0
3743,voyeur,1
3744,vulgar,1
3745,vulva,1
3746,w00se,1
3747,wad,1
3748,waffle,0
3749,wand,0
3750,wang,1
3751,wank,1
3752,wanker,1
3753,wankjob,1
3754,wanky,1
3755,warm,0
3756,warmer,0
3757,warmhearted,0
3758,warmly,0
3759,warmth,0
3760,wazoo,1
3761,wealthy,0
3762,wedgie,1
3763,weed,1
3765,weenie,1
3766,weewee,1
3767,weiner,1
3768,welcome,0
3769,well,0
3770,well-backlit,0
3771,well-balanced,0
3772,well-behaved,0
3773,well-being,0
3774,well-bred,0
3775,well-connected,0
3776,well-educated,0
3777,well-established,0
3778,well-informed,0
3779,well-intentioned,0
3780,well-known,0
3781,well-made,0
3782,well-managed,0
3783,well-mannered,0
3784,well-positioned,0
3785,well-received,0
3786,well-regarded,0
3787,well-rounded,0
3788,well-run,0
3789,well-wishers,0
3790,wellbeing,0
3791,wench,1
3792,wetback,1
3793,wh0re,1
3794,wh0reface,1
3795,white,0
3796,white power,1
3797,whitey,1
3798,whiz,1
3799,whoa,0
3800,whoar,1
3801,wholeheartedly,0
3802,wholesome,0
3803,whooa,0
3804,whoooa,0
3805,whoralicious,1
3806,whore,1
3807,whorealicious,1
3808,whorebag,1
3809,whored,1
3810,whoreface,1
3811,whorehopper,1
3812,whorehouse,1
3813,whores,1
3814,whoring,1
3815,wieldy,0
3816,wigger,1
3817,wild,0
3818,willies,1
3819,willing,0
3820,willingly,0
3821,willingness,0
3822,willy,1
3823,win,0
3824,windfall,0
3825,window,0
3826,window licker,1
3827,winnable,0
3828,winner,0
3829,winners,0
3830,winning,0
3831,wins,0
3832,wisdom,0
3833,wise,0
3834,wiseass,1
3835,wiseasses,1
3836,wisely,0
3837,with,0
3838,witty,0
3839,wog,1
3840,womb,1
3841,women,0
3842,won,0
3843,wonder,0
3844,wonderful,0
3845,wonderfully,0
3846,wonderous,0
3847,wonderously,0
3848,wonders,0
3849,wondrous,0
3850,woo,0
3851,wood,0
3852,woody,1
3854,wop,1
3855,work,0
3856,workable,0
3857,worked,0
3858,works,0
3859,world-famous,0
3860,worth,0
3861,worth-while,0
3862,worthiness,0
3863,worthwhile,0
3864,worthy,0
3865,wound,0
3866,wow,0
3867,wowed,0
3868,wowing,0
3869,wows,0
3870,wrapping,0
3871,wrapping men,1
3872,wrinkled,0
3873,wrinkled starfish,1
3874,wtf,1
3875,x-rated,1
3876,xrated,1
3877,xx,1
3878,xxx,1
3879,yaoi,1
3880,yay,0
3881,yeasty,1
3882,yellow,0
3883,yellow showers,1
3884,yid,1
3885,yiffy,1
3886,yo,0
3887,yobbo,1
3888,you,0
3889,your,0
3890,youthful,0
3891,zeal,0
3892,zenith,0
3893,zest,0
3894,zippy,0
3895,zoophile,1
3896,zoophilia,1
3897,zubb,1